Frame,Number of People in Crowd
8,1
9,7
9,1
10,2
10,2
10,3
10,7
10,4
10,6
10,6
10,6
10,4
10,4
10,6
10,6
10,4
10,4
10,4
10,1
10,2
11,2
11,2
11,4
11,3
11,7
11,4
11,6
11,6
11,6
11,4
11,4
11,6
11,6
11,4
11,4
11,4
11,1
11,2
11,3
12,2
12,2
12,4
12,3
12,7
12,4
12,6
12,6
12,6
12,4
12,4
12,6
12,6
12,4
12,4
12,4
12,1
12,2
12,3
13,2
13,2
13,4
12,3
13,7
13,4
13,6
13,6
13,6
13,4
13,4
13,6
12,6
13,4
13,4
13,4
13,1
13,2
13,3
14,2
14,1
14,2
14,4
12,3
14,7
14,4
14,6
14,6
14,6
14,4
14,4
14,6
12,6
14,4
14,4
13,4
14,1
14,2
14,3
15,2
15,1
15,2
15,4
15,3
14,7
15,4
15,6
15,6
15,6
15,4
14,4
15,6
12,6
15,4
15,4
13,4
15,1
15,2
15,3
16,2
16,1
16,2
16,4
16,3
14,7
16,4
16,6
16,6
16,6
15,4
14,4
16,6
12,6
16,4
16,4
13,4
16,1
16,2
16,3
17,2
16,1
17,2
17,4
17,3
17,7
17,4
17,6
16,6
17,6
15,4
14,4
16,6
12,6
17,4
17,4
13,4
17,1
17,2
17,3
17,4
17,2
18,1
18,2
18,4
18,3
18,7
18,4
18,6
16,6
18,6
15,4
14,4
16,6
12,6
17,4
18,4
13,4
18,1
18,2
18,3
18,3
18,4
17,2
19,1
19,2
19,4
19,3
19,7
19,4
19,6
16,6
19,6
15,4
14,4
16,6
12,6
17,4
19,4
13,4
19,1
19,2
19,3
19,3
19,1
19,4
17,2
20,1
20,2
20,4
20,3
20,7
20,4
20,6
16,6
19,6
15,4
14,4
16,6
12,6
17,4
20,4
13,4
20,1
20,2
20,3
20,3
20,1
19,4
17,2
21,1
21,2
21,4
21,3
21,7
21,4
21,6
16,6
19,6
15,4
14,4
16,6
12,6
17,4
21,4
13,4
21,1
21,2
21,3
21,3
21,1
19,4
22,2
22,1
22,2
22,4
22,3
22,7
22,4
22,6
16,6
19,6
15,4
14,4
16,6
12,6
17,4
22,4
13,4
22,1
22,2
22,3
22,3
22,1
19,4
22,6
23,2
23,1
23,2
22,4
23,3
23,7
23,4
23,6
16,6
19,6
15,4
14,4
16,6
12,6
17,4
22,4
13,4
22,1
23,2
23,3
22,3
23,1
23,1
19,4
23,6
24,2
24,1
24,2
24,4
24,3
23,7
24,4
24,6
16,6
19,6
15,4
14,4
16,6
12,6
17,4
22,4
13,4
22,1
24,2
23,3
22,3
24,1
24,1
19,4
24,2
24,6
24,4
25,2
24,1
25,2
25,4
25,3
23,7
25,4
25,6
16,6
19,6
15,4
14,4
16,6
12,6
17,4
22,4
13,4
22,1
25,2
23,3
22,3
25,1
25,1
19,4
25,2
24,6
25,4
25,4
26,2
24,1
26,2
26,4
26,3
23,7
26,4
26,6
16,6
19,6
15,4
14,4
16,6
12,6
17,4
22,4
13,4
22,1
26,2
23,3
22,3
26,2
26,1
26,1
19,4
26,2
24,6
26,4
26,4
26,4
26,4
27,2
27,1
27,2
27,4
27,3
23,7
27,4
27,6
16,6
19,6
15,4
14,4
16,6
12,6
17,4
22,4
13,4
22,1
26,2
23,3
22,3
27,2
26,1
27,1
19,4
27,2
24,6
26,4
27,4
27,4
27,4
27,4
27,2
28,1
28,2
27,4
28,3
23,7
28,4
27,6
16,6
19,6
15,4
14,4
16,6
12,6
17,4
22,4
13,4
22,1
26,2
28,3
22,3
28,2
26,1
28,1
19,4
27,2
24,6
26,4
28,4
28,4
28,4
27,4
27,2
29,1
29,2
29,4
29,3
23,7
29,4
27,6
16,6
19,6
15,4
14,4
16,6
12,6
17,4
22,4
13,4
29,1
26,2
29,3
22,3
29,2
26,1
28,1
19,4
27,2
24,6
26,4
29,4
29,4
29,4
27,4
29,4
29,8
27,2
30,1
30,2
30,4
30,3
23,7
30,4
27,6
16,6
19,6
15,4
14,4
16,6
12,6
17,4
22,4
13,4
30,1
26,2
29,3
22,3
30,2
30,1
26,1
28,1
19,4
27,2
24,6
26,4
30,4
29,4
30,4
27,4
30,4
29,8
27,2
31,1
31,2
31,4
31,3
23,7
30,4
27,6
16,6
19,6
15,4
14,4
16,6
12,6
17,4
22,4
13,4
31,1
26,2
29,3
22,3
31,2
30,1
31,1
28,1
19,4
27,2
24,6
26,4
31,4
29,4
30,4
27,4
31,4
29,8
31,6
27,2
32,1
32,2
31,4
32,3
23,7
32,4
27,6
16,6
19,6
15,4
14,4
16,6
12,6
17,4
22,4
13,4
32,1
26,2
29,3
22,3
31,2
32,1
31,1
28,1
19,4
27,2
24,6
26,4
31,4
29,4
30,4
27,4
32,4
29,8
32,6
32,6
27,2
33,1
33,2
33,4
32,3
23,7
32,4
27,6
16,6
19,6
15,4
14,4
16,6
12,6
17,4
22,4
13,4
33,1
26,2
29,3
22,3
33,2
33,1
31,1
28,1
19,4
27,2
24,6
26,4
31,4
29,4
30,4
27,4
33,4
29,8
32,6
33,6
33,2
27,2
34,1
34,2
34,4
32,3
23,7
32,4
27,6
16,6
19,6
15,4
14,4
16,6
12,6
17,4
22,4
13,4
34,1
34,2
29,3
22,3
33,2
34,1
31,1
28,1
19,4
27,2
24,6
26,4
31,4
29,4
30,4
27,4
33,4
29,8
32,6
34,6
34,2
27,2
35,1
35,2
35,4
32,3
23,7
32,4
27,6
16,6
19,6
15,4
14,4
16,6
12,6
17,4
22,4
13,4
35,1
34,2
29,3
22,3
35,2
35,1
31,1
28,1
19,4
27,2
24,6
26,4
31,4
29,4
30,4
27,4
33,4
29,8
32,6
35,6
35,2
35,4
27,2
36,1
36,2
36,4
32,3
23,7
32,4
27,6
16,6
19,6
15,4
14,4
16,6
12,6
17,4
22,4
13,4
36,1
34,2
29,3
22,3
36,2
35,1
31,1
28,1
19,4
27,2
24,6
26,4
31,4
29,4
30,4
27,4
33,4
29,8
32,6
36,6
36,2
36,4
36,4
27,2
36,1
37,2
37,4
32,3
23,7
32,4
37,6
16,6
19,6
15,4
14,4
16,6
12,6
17,4
22,4
13,4
37,1
37,2
29,3
22,3
37,2
35,1
31,1
28,1
19,4
27,2
24,6
26,4
31,4
29,4
30,4
27,4
33,4
29,8
32,6
37,6
37,2
37,4
37,4
37,7
27,2
36,1
38,2
38,4
38,3
23,7
32,4
37,6
16,6
19,6
15,4
14,4
16,6
12,6
17,4
22,4
13,4
38,1
38,2
29,3
22,3
38,2
35,1
38,1
28,1
19,4
27,2
24,6
26,4
31,4
29,4
30,4
27,4
33,4
29,8
32,6
38,6
38,2
38,4
37,4
38,7
27,2
36,1
39,2
39,4
38,3
23,7
32,4
37,6
16,6
19,6
15,4
14,4
16,6
12,6
17,4
22,4
13,4
39,1
39,2
29,3
22,3
39,2
35,1
39,1
28,1
19,4
27,2
24,6
26,4
31,4
29,4
30,4
27,4
33,4
29,8
32,6
39,6
39,2
39,4
37,4
38,7
39,4
39,6
27,2
36,1
40,2
40,4
38,3
23,7
32,4
37,6
16,6
19,6
15,4
14,4
16,6
12,6
17,4
22,4
13,4
40,1
40,2
29,3
22,3
40,2
35,1
39,1
28,1
19,4
27,2
24,6
26,4
31,4
29,4
30,4
27,4
33,4
29,8
32,6
40,6
40,2
39,4
37,4
38,7
40,4
40,6
27,2
36,1
41,2
41,4
38,3
23,7
32,4
37,6
16,6
19,6
15,4
14,4
16,6
12,6
17,4
22,4
13,4
41,1
41,2
29,3
22,3
41,2
35,1
39,1
28,1
19,4
27,2
24,6
26,4
31,4
29,4
30,4
27,4
33,4
29,8
32,6
41,6
41,2
39,4
37,4
38,7
40,4
41,6
41,5
41,4
27,2
36,1
42,2
42,4
38,3
23,7
32,4
37,6
16,6
19,6
15,4
14,4
16,6
12,6
17,4
22,4
13,4
42,1
41,2
29,3
22,3
42,2
35,1
39,1
28,1
19,4
27,2
24,6
26,4
31,4
29,4
30,4
27,4
33,4
29,8
32,6
42,6
42,2
39,4
37,4
38,7
40,4
42,6
42,5
42,6
42,4
42,6
42,6
43,2
36,1
43,2
43,4
38,3
23,7
32,4
43,6
16,6
19,6
15,4
14,4
16,6
12,6
17,4
22,4
13,4
43,1
41,2
29,3
22,3
43,2
35,1
39,1
28,1
19,4
27,2
24,6
26,4
31,4
29,4
30,4
27,4
33,4
29,8
32,6
42,6
43,2
39,4
37,4
38,7
40,4
43,6
43,5
43,6
43,4
43,6
43,6
43,4
44,2
36,1
44,2
43,4
44,3
23,7
32,4
44,6
16,6
19,6
15,4
14,4
16,6
12,6
17,4
22,4
13,4
44,1
41,2
29,3
22,3
44,2
35,1
39,1
28,1
19,4
27,2
24,6
26,4
31,4
29,4
30,4
27,4
33,4
29,8
32,6
44,6
44,2
39,4
37,4
38,7
40,4
44,6
44,5
44,6
44,4
44,6
44,6
44,4
45,2
36,1
45,2
43,4
44,3
23,7
32,4
45,6
16,6
19,6
15,4
14,4
16,6
12,6
17,4
22,4
13,4
45,1
41,2
29,3
22,3
45,2
35,1
39,1
28,1
19,4
27,2
24,6
26,4
31,4
29,4
30,4
27,4
33,4
29,8
32,6
45,6
45,2
39,4
37,4
38,7
40,4
44,6
45,5
45,6
45,4
45,6
44,6
45,4
46,2
36,1
46,2
43,4
44,3
23,7
32,4
46,6
16,6
19,6
15,4
14,4
16,6
12,6
17,4
22,4
13,4
46,1
41,2
29,3
22,3
46,2
35,1
39,1
28,1
19,4
27,2
24,6
46,4
31,4
29,4
30,4
27,4
33,4
29,8
32,6
46,6
46,2
39,4
37,4
38,7
40,4
44,6
46,5
46,6
46,4
46,6
44,6
46,4
47,2
36,1
47,2
47,4
44,3
23,7
32,4
47,6
16,6
19,6
15,4
14,4
16,6
12,6
17,4
22,4
13,4
47,1
41,2
29,3
22,3
47,2
47,2
35,1
39,1
28,1
19,4
27,2
24,6
47,4
31,4
29,4
30,4
47,1
27,4
33,4
29,8
32,6
46,6
47,2
47,4
37,4
38,7
40,4
44,6
47,5
47,6
47,4
47,6
44,6
46,4
47,2
47,4
48,2
36,1
48,2
48,4
44,3
23,7
32,4
47,6
16,6
19,6
15,4
14,4
16,6
12,6
17,4
22,4
13,4
48,1
48,2
29,3
22,3
48,2
48,2
35,1
48,1
28,1
19,4
27,2
24,6
48,4
31,4
29,4
30,4
48,1
27,4
33,4
29,8
32,6
46,6
47,2
48,4
37,4
38,7
40,4
44,6
48,5
48,6
48,4
48,6
44,6
46,4
48,2
47,4
49,2
36,1
49,2
49,4
44,3
23,7
32,4
47,6
16,6
19,6
15,4
14,4
16,6
12,6
17,4
22,4
13,4
49,1
49,2
29,3
22,3
49,2
49,2
35,1
49,1
28,1
19,4
27,2
24,6
49,4
31,4
29,4
30,4
49,1
27,4
33,4
29,8
32,6
46,6
47,2
49,4
37,4
38,7
40,4
44,6
49,5
49,6
49,4
48,6
44,6
46,4
49,2
47,4
49,3
50,2
36,1
50,2
49,4
50,3
23,7
32,4
47,6
16,6
19,6
15,4
14,4
16,6
12,6
17,4
22,4
13,4
50,1
49,2
29,3
22,3
50,2
50,2
35,1
49,1
28,1
19,4
27,2
24,6
50,4
31,4
29,4
30,4
50,1
27,4
33,4
29,8
32,6
46,6
47,2
50,4
37,4
38,7
40,4
44,6
50,5
50,6
50,4
48,6
44,6
46,4
50,2
47,4
49,3
50,2
36,1
51,2
51,4
51,3
23,7
32,4
47,6
16,6
19,6
15,4
14,4
16,6
12,6
17,4
22,4
13,4
51,1
51,2
29,3
22,3
50,2
50,2
35,1
49,1
28,1
19,4
27,2
24,6
51,4
31,4
29,4
30,4
50,1
27,4
33,4
29,8
32,6
46,6
47,2
50,4
37,4
38,7
40,4
44,6
51,5
51,6
51,4
48,6
44,6
46,4
51,2
47,4
49,3
52,2
36,1
52,2
52,4
52,3
23,7
32,4
47,6
16,6
19,6
15,4
14,4
16,6
12,6
17,4
22,4
13,4
52,1
51,2
29,3
22,3
52,2
52,2
35,1
49,1
28,1
19,4
27,2
24,6
52,4
31,4
29,4
30,4
50,1
27,4
33,4
29,8
32,6
46,6
47,2
50,4
37,4
38,7
40,4
44,6
52,5
52,6
51,4
48,6
44,6
46,4
52,2
47,4
49,3
53,2
36,1
53,2
52,4
53,3
23,7
32,4
47,6
16,6
19,6
15,4
14,4
16,6
12,6
17,4
22,4
13,4
53,1
53,2
29,3
22,3
52,2
53,2
35,1
49,1
28,1
19,4
27,2
24,6
52,4
31,4
29,4
30,4
53,1
27,4
33,4
29,8
32,6
46,6
47,2
50,4
37,4
38,7
40,4
44,6
52,5
53,6
51,4
48,6
44,6
46,4
53,2
47,4
49,3
54,2
36,1
54,2
52,4
54,3
23,7
32,4
54,6
16,6
19,6
15,4
14,4
16,6
12,6
17,4
22,4
13,4
54,1
54,2
29,3
22,3
52,2
54,2
35,1
49,1
28,1
19,4
27,2
24,6
54,4
31,4
29,4
30,4
54,1
27,4
33,4
29,8
32,6
46,6
47,2
50,4
37,4
38,7
40,4
44,6
52,5
54,6
51,4
48,6
44,6
46,4
54,2
47,4
49,3
54,4
54,3
55,2
36,1
55,2
52,4
55,3
23,7
32,4
55,6
16,6
19,6
15,4
14,4
16,6
12,6
17,4
22,4
13,4
55,1
55,2
29,3
22,3
52,2
55,2
35,1
49,1
28,1
19,4
27,2
24,6
54,4
31,4
29,4
30,4
55,1
27,4
33,4
29,8
32,6
46,6
47,2
50,4
37,4
38,7
40,4
44,6
52,5
54,6
51,4
48,6
44,6
46,4
55,2
47,4
49,3
54,4
55,3
56,2
36,1
56,2
52,4
56,3
23,7
32,4
56,6
16,6
19,6
15,4
14,4
16,6
12,6
17,4
22,4
13,4
56,1
56,2
29,3
22,3
52,2
55,2
35,1
49,1
28,1
19,4
27,2
24,6
54,4
31,4
29,4
30,4
56,1
27,4
33,4
29,8
32,6
46,6
47,2
50,4
37,4
38,7
40,4
44,6
52,5
54,6
51,4
48,6
44,6
46,4
56,2
47,4
49,3
54,4
56,3
56,5
57,2
36,1
57,2
57,4
57,3
23,7
32,4
57,6
16,6
19,6
15,4
14,4
16,6
12,6
17,4
22,4
13,4
57,1
57,2
29,3
22,3
52,2
55,2
35,1
49,1
28,1
19,4
27,2
24,6
54,4
31,4
29,4
30,4
57,1
27,4
33,4
29,8
32,6
46,6
47,2
50,4
37,4
38,7
40,4
44,6
52,5
54,6
51,4
48,6
44,6
46,4
57,2
47,4
49,3
57,3
54,4
57,3
57,5
57,1
57,2
57,6
57,4
58,2
36,1
58,2
58,4
58,3
23,7
32,4
58,6
16,6
19,6
15,4
14,4
16,6
12,6
17,4
22,4
13,4
58,1
57,2
29,3
22,3
58,2
55,2
35,1
49,1
58,1
19,4
27,2
24,6
54,4
31,4
29,4
30,4
58,1
27,4
33,4
29,8
32,6
46,6
47,2
50,4
37,4
38,7
40,4
44,6
52,5
54,6
51,4
48,6
44,6
46,4
58,2
47,4
49,3
58,3
54,4
57,3
58,5
58,1
58,2
58,6
58,4
58,5
58,2
36,1
59,2
58,4
58,3
23,7
32,4
59,6
16,6
19,6
15,4
14,4
16,6
12,6
17,4
22,4
13,4
59,1
57,2
29,3
22,3
59,2
55,2
35,1
49,1
59,1
19,4
27,2
24,6
54,4
31,4
29,4
30,4
59,1
27,4
33,4
29,8
32,6
46,6
47,2
50,4
37,4
38,7
40,4
44,6
52,5
54,6
51,4
48,6
44,6
46,4
59,2
47,4
49,3
59,3
54,4
57,3
58,5
59,1
59,2
59,6
59,4
59,5
59,3
60,2
36,1
60,2
58,4
58,3
23,7
32,4
60,6
16,6
19,6
15,4
14,4
16,6
12,6
17,4
22,4
13,4
60,1
60,2
29,3
22,3
59,2
55,2
35,1
49,1
59,1
19,4
60,1
27,2
24,6
54,4
31,4
29,4
30,4
60,1
27,4
33,4
29,8
32,6
46,6
47,2
50,4
37,4
38,7
40,4
44,6
52,5
54,6
51,4
48,6
44,6
46,4
60,2
47,4
49,3
59,3
54,4
57,3
58,5
60,1
60,2
59,6
60,4
60,5
60,3
60,2
60,2
36,1
61,2
58,4
58,3
23,7
32,4
61,6
16,6
19,6
15,4
14,4
16,6
12,6
17,4
22,4
13,4
61,1
61,2
29,3
22,3
59,2
55,2
35,1
61,1
59,1
19,4
61,1
27,2
24,6
54,4
31,4
29,4
30,4
61,1
27,4
33,4
29,8
32,6
46,6
47,2
50,4
37,4
38,7
40,4
44,6
52,5
54,6
51,4
48,6
44,6
46,4
61,2
47,4
49,3
59,3
54,4
57,3
58,5
61,1
61,2
59,6
61,4
61,5
61,3
61,2
61,3
60,2
36,1
62,2
58,4
58,3
23,7
32,4
61,6
16,6
19,6
15,4
14,4
16,6
12,6
17,4
22,4
13,4
62,1
62,2
29,3
22,3
59,2
55,2
35,1
62,1
62,1
19,4
62,1
27,2
24,6
54,4
31,4
29,4
30,4
62,1
27,4
33,4
29,8
32,6
46,6
47,2
50,4
37,4
38,7
40,4
44,6
52,5
54,6
51,4
48,6
44,6
46,4
62,2
47,4
49,3
59,3
54,4
57,3
58,5
62,1
62,2
59,6
62,4
62,5
62,3
62,2
62,3
62,4
60,2
36,1
63,2
58,4
58,3
23,7
32,4
61,6
16,6
19,6
15,4
14,4
16,6
12,6
17,4
22,4
13,4
63,1
63,2
29,3
22,3
59,2
55,2
35,1
63,1
62,1
19,4
62,1
27,2
24,6
54,4
31,4
29,4
30,4
63,1
27,4
33,4
29,8
32,6
46,6
47,2
50,4
37,4
38,7
40,4
44,6
52,5
54,6
51,4
48,6
44,6
46,4
62,2
47,4
49,3
59,3
54,4
57,3
58,5
63,1
63,2
59,6
63,4
63,5
62,3
63,2
63,3
63,4
60,2
36,1
64,2
58,4
58,3
23,7
32,4
61,6
16,6
19,6
15,4
14,4
16,6
12,6
17,4
22,4
13,4
64,1
64,2
29,3
22,3
59,2
55,2
35,1
64,1
62,1
19,4
62,1
27,2
24,6
54,4
31,4
29,4
30,4
64,1
27,4
33,4
29,8
32,6
46,6
47,2
50,4
37,4
38,7
40,4
44,6
52,5
54,6
51,4
48,6
44,6
46,4
64,2
47,4
49,3
59,3
54,4
57,3
58,5
64,1
64,2
59,6
64,4
64,5
62,3
64,2
64,3
64,4
64,4
64,6
60,2
36,1
65,2
58,4
58,3
23,7
32,4
61,6
16,6
19,6
15,4
14,4
16,6
12,6
17,4
22,4
13,4
65,1
65,2
29,3
65,3
59,2
55,2
35,1
65,1
62,1
19,4
62,1
27,2
24,6
54,4
31,4
29,4
30,4
65,1
27,4
33,4
29,8
32,6
46,6
47,2
50,4
37,4
38,7
40,4
44,6
52,5
54,6
51,4
48,6
44,6
46,4
65,2
47,4
49,3
59,3
54,4
57,3
58,5
64,1
65,2
59,6
65,4
65,5
62,3
65,2
64,3
65,4
65,4
65,6
60,2
36,1
66,2
58,4
58,3
23,7
32,4
66,6
16,6
19,6
15,4
14,4
16,6
12,6
17,4
22,4
13,4
66,1
65,2
29,3
66,3
66,2
55,2
35,1
65,1
62,1
19,4
62,1
27,2
24,6
54,4
31,4
29,4
30,4
66,1
27,4
33,4
29,8
32,6
46,6
47,2
50,4
37,4
38,7
40,4
44,6
52,5
54,6
51,4
48,6
44,6
46,4
66,2
47,4
49,3
66,3
54,4
57,3
58,5
64,1
66,2
59,6
66,4
65,5
62,3
66,2
64,3
66,4
65,4
66,6
60,2
36,1
67,2
58,4
58,3
23,7
32,4
67,6
16,6
19,6
15,4
14,4
16,6
12,6
17,4
22,4
13,4
67,1
65,2
29,3
67,3
67,2
55,2
35,1
67,1
62,1
19,4
62,1
27,2
24,6
54,4
31,4
29,4
30,4
66,1
27,4
33,4
29,8
32,6
46,6
47,2
50,4
37,4
38,7
40,4
44,6
52,5
54,6
51,4
48,6
44,6
46,4
67,2
47,4
49,3
66,3
54,4
57,3
58,5
64,1
67,2
59,6
66,4
65,5
62,3
67,2
64,3
67,4
67,4
67,6
67,6
60,2
36,1
68,2
58,4
58,3
23,7
32,4
68,6
16,6
19,6
15,4
14,4
16,6
12,6
17,4
22,4
68,4
68,1
68,2
29,3
68,3
67,2
55,2
35,1
68,1
62,1
19,4
62,1
27,2
24,6
54,4
31,4
29,4
30,4
68,1
27,4
33,4
29,8
32,6
46,6
47,2
50,4
37,4
38,7
40,4
44,6
52,5
54,6
51,4
48,6
68,6
46,4
68,2
47,4
49,3
68,3
54,4
57,3
58,5
64,1
68,2
59,6
66,4
65,5
62,3
68,2
64,3
68,4
68,4
68,6
67,6
60,2
36,1
69,2
58,4
58,3
23,7
32,4
69,6
16,6
19,6
15,4
14,4
16,6
12,6
17,4
22,4
69,4
69,1
69,2
29,3
69,3
67,2
55,2
35,1
68,1
62,1
19,4
62,1
27,2
24,6
54,4
31,4
29,4
30,4
69,1
27,4
33,4
29,8
32,6
46,6
47,2
50,4
37,4
38,7
40,4
44,6
52,5
54,6
51,4
48,6
69,6
46,4
69,2
47,4
49,3
69,3
54,4
57,3
58,5
64,1
69,2
59,6
66,4
65,5
62,3
69,2
64,3
69,4
69,4
68,6
67,6
69,4
60,2
36,1
70,2
58,4
58,3
23,7
32,4
70,6
16,6
19,6
15,4
14,4
16,6
12,6
17,4
22,4
70,4
70,1
70,2
29,3
70,3
67,2
55,2
35,1
68,1
62,1
19,4
62,1
27,2
24,6
54,4
31,4
29,4
30,4
70,1
27,4
33,4
29,8
32,6
46,6
47,2
50,4
37,4
38,7
40,4
44,6
52,5
54,6
51,4
48,6
70,6
46,4
70,2
47,4
49,3
70,3
54,4
57,3
58,5
64,1
70,2
59,6
66,4
65,5
62,3
70,2
64,3
70,4
70,4
68,6
67,6
70,4
60,2
36,1
71,2
58,4
58,3
23,7
32,4
71,6
16,6
19,6
15,4
14,4
16,6
12,6
17,4
22,4
71,4
71,1
71,2
29,3
71,3
67,2
55,2
35,1
68,1
62,1
19,4
62,1
27,2
24,6
54,4
31,4
29,4
30,4
71,1
27,4
33,4
29,8
32,6
46,6
47,2
50,4
37,4
38,7
40,4
44,6
52,5
54,6
51,4
48,6
71,6
46,4
71,2
47,4
49,3
71,3
71,1
54,4
57,3
58,5
64,1
70,2
59,6
66,4
65,5
62,3
71,2
64,3
71,4
71,4
68,6
67,6
71,4
70,4
60,2
36,1
72,2
58,4
58,3
23,7
32,4
72,6
16,6
19,6
15,4
14,4
16,6
12,6
17,4
22,4
72,4
72,1
72,2
29,3
72,3
67,2
55,2
35,1
68,1
62,1
19,4
62,1
27,2
24,6
54,4
31,4
29,4
30,4
72,1
27,4
33,4
29,8
32,6
46,6
47,2
50,4
37,4
38,7
40,4
44,6
52,5
54,6
51,4
48,6
72,6
46,4
71,2
47,4
49,3
72,3
71,1
54,4
57,3
58,5
64,1
70,2
59,6
66,4
65,5
62,3
72,2
64,3
72,4
72,4
68,6
67,6
72,4
70,4
72,4
72,5
60,2
36,1
73,2
58,4
73,3
23,7
32,4
73,6
16,6
19,6
15,4
14,4
16,6
12,6
17,4
22,4
73,4
73,1
73,2
29,3
73,3
67,2
55,2
35,1
68,1
62,1
19,4
62,1
27,2
24,6
54,4
31,4
29,4
30,4
73,1
27,4
33,4
29,8
32,6
46,6
47,2
50,4
37,4
38,7
40,4
44,6
52,5
54,6
51,4
48,6
73,6
46,4
71,2
47,4
49,3
73,3
71,1
54,4
57,3
58,5
64,1
70,2
59,6
66,4
65,5
62,3
72,2
64,3
73,4
73,4
68,6
67,6
73,4
70,4
72,4
73,5
60,2
36,1
74,2
58,4
74,3
23,7
32,4
74,6
16,6
19,6
15,4
14,4
16,6
12,6
17,4
22,4
74,4
74,1
74,2
29,3
74,3
67,2
55,2
35,1
68,1
62,1
19,4
62,1
27,2
24,6
54,4
31,4
29,4
30,4
74,1
27,4
33,4
29,8
32,6
46,6
47,2
50,4
37,4
38,7
40,4
44,6
52,5
54,6
51,4
48,6
74,6
46,4
71,2
47,4
49,3
74,3
71,1
54,4
57,3
58,5
64,1
70,2
59,6
66,4
65,5
62,3
72,2
64,3
74,4
74,4
68,6
67,6
74,4
70,4
72,4
73,5
60,2
36,1
75,2
58,4
75,3
23,7
32,4
74,6
16,6
19,6
15,4
14,4
16,6
12,6
17,4
22,4
75,4
75,1
75,2
29,3
75,3
67,2
55,2
35,1
68,1
62,1
19,4
62,1
27,2
24,6
54,4
31,4
29,4
30,4
75,1
27,4
33,4
29,8
32,6
46,6
47,2
75,4
37,4
38,7
40,4
44,6
52,5
54,6
51,4
48,6
75,6
46,4
71,2
47,4
49,3
75,3
71,1
54,4
57,3
58,5
64,1
70,2
59,6
66,4
65,5
62,3
72,2
64,3
75,4
75,4
68,6
67,6
75,4
70,4
72,4
73,5
75,4
60,2
36,1
76,2
76,4
76,3
23,7
32,4
74,6
16,6
19,6
15,4
14,4
16,6
12,6
17,4
22,4
76,4
76,1
76,2
29,3
76,3
67,2
55,2
35,1
76,1
62,1
19,4
62,1
27,2
24,6
54,4
31,4
29,4
30,4
76,1
27,4
33,4
29,8
76,6
46,6
47,2
76,4
37,4
38,7
40,4
44,6
52,5
54,6
51,4
48,6
75,6
46,4
71,2
47,4
49,3
76,3
71,1
54,4
57,3
58,5
64,1
70,2
59,6
66,4
65,5
62,3
72,2
64,3
76,4
75,4
68,6
67,6
76,1
76,4
70,4
72,4
73,5
76,4
60,2
36,1
77,2
76,4
77,3
23,7
32,4
74,6
16,6
19,6
15,4
14,4
16,6
12,6
17,4
22,4
77,4
77,1
77,2
29,3
77,3
67,2
55,2
35,1
77,1
62,1
19,4
62,1
27,2
24,6
54,4
31,4
29,4
30,4
77,1
27,4
33,4
29,8
77,6
46,6
47,2
77,4
37,4
38,7
40,4
44,6
52,5
54,6
51,4
48,6
75,6
46,4
71,2
47,4
49,3
77,3
71,1
54,4
57,3
58,5
64,1
70,2
59,6
66,4
65,5
62,3
72,2
64,3
77,4
75,4
68,6
67,6
77,1
77,4
70,4
72,4
73,5
76,4
77,3
77,5
78,2
36,1
78,2
78,4
78,3
23,7
32,4
74,6
16,6
19,6
15,4
14,4
16,6
12,6
17,4
22,4
78,4
78,1
78,2
29,3
78,3
67,2
55,2
35,1
78,1
62,1
19,4
62,1
27,2
24,6
54,4
31,4
29,4
30,4
78,1
27,4
33,4
29,8
78,6
46,6
47,2
78,4
37,4
38,7
40,4
44,6
52,5
54,6
51,4
48,6
75,6
46,4
71,2
47,4
49,3
78,3
71,1
54,4
57,3
58,5
64,1
70,2
59,6
66,4
65,5
62,3
72,2
64,3
77,4
75,4
68,6
67,6
77,1
77,4
70,4
72,4
73,5
76,4
78,3
77,5
78,3
79,2
36,1
79,2
79,4
79,3
23,7
32,4
74,6
16,6
19,6
15,4
14,4
16,6
12,6
17,4
22,4
79,4
79,1
79,2
29,3
79,3
67,2
55,2
35,1
79,1
62,1
19,4
62,1
27,2
24,6
54,4
31,4
29,4
30,4
79,1
27,4
33,4
29,8
79,6
46,6
47,2
79,4
37,4
38,7
40,4
44,6
52,5
54,6
51,4
48,6
75,6
46,4
71,2
47,4
49,3
79,3
71,1
54,4
57,3
58,5
64,1
70,2
59,6
66,4
65,5
62,3
72,2
64,3
77,4
75,4
68,6
67,6
79,1
77,4
70,4
72,4
73,5
76,4
78,3
77,5
78,3
79,2
36,1
80,2
80,4
80,3
23,7
32,4
74,6
16,6
19,6
15,4
14,4
16,6
12,6
17,4
22,4
80,4
80,1
80,2
29,3
80,3
67,2
55,2
35,1
80,1
62,1
19,4
62,1
27,2
24,6
54,4
31,4
29,4
30,4
80,1
27,4
33,4
29,8
80,6
46,6
47,2
80,4
37,4
38,7
40,4
44,6
52,5
54,6
51,4
48,6
75,6
46,4
71,2
47,4
49,3
80,3
71,1
54,4
57,3
58,5
64,1
70,2
59,6
66,4
65,5
62,3
72,2
64,3
77,4
75,4
68,6
67,6
80,1
77,4
70,4
72,4
73,5
76,4
78,3
77,5
78,3
80,4
79,2
36,1
81,2
81,4
81,3
23,7
32,4
74,6
16,6
19,6
15,4
14,4
16,6
12,6
17,4
22,4
81,4
81,1
81,2
29,3
81,3
67,2
55,2
35,1
81,1
62,1
19,4
62,1
27,2
24,6
54,4
31,4
29,4
30,4
81,1
27,4
33,4
29,8
81,6
46,6
47,2
81,4
37,4
38,7
40,4
44,6
52,5
54,6
51,4
48,6
75,6
46,4
71,2
47,4
49,3
81,3
71,1
54,4
57,3
58,5
64,1
70,2
59,6
66,4
65,5
62,3
72,2
64,3
77,4
75,4
68,6
67,6
81,1
77,4
70,4
72,4
73,5
76,4
78,3
77,5
78,3
81,1
81,4
81,1
79,2
36,1
82,2
82,4
82,3
23,7
32,4
74,6
16,6
19,6
15,4
14,4
16,6
12,6
17,4
22,4
82,4
82,1
82,2
29,3
82,3
67,2
55,2
35,1
82,1
62,1
19,4
62,1
27,2
24,6
54,4
31,4
29,4
30,4
82,1
27,4
33,4
29,8
82,6
46,6
47,2
82,4
37,4
38,7
40,4
44,6
52,5
54,6
51,4
48,6
75,6
46,4
71,2
47,4
49,3
82,3
71,1
54,4
57,3
58,5
64,1
70,2
59,6
66,4
65,5
62,3
72,2
64,3
77,4
75,4
68,6
67,6
81,1
77,4
70,4
72,4
73,5
76,4
78,3
77,5
78,3
82,1
81,4
82,1
82,3
82,1
79,2
36,1
83,2
83,4
83,3
23,7
32,4
74,6
16,6
19,6
15,4
14,4
16,6
12,6
17,4
22,4
83,4
83,1
83,2
29,3
83,3
67,2
55,2
35,1
83,1
62,1
19,4
62,1
27,2
24,6
54,4
31,4
29,4
30,4
83,1
27,4
33,4
29,8
83,6
46,6
47,2
83,4
37,4
38,7
40,4
44,6
52,5
54,6
51,4
48,6
75,6
46,4
71,2
47,4
49,3
83,3
71,1
54,4
57,3
58,5
64,1
70,2
59,6
66,4
65,5
62,3
72,2
64,3
77,4
75,4
68,6
67,6
81,1
77,4
70,4
72,4
73,5
83,4
76,4
78,3
77,5
78,3
83,1
81,4
83,1
83,3
83,1
83,4
83,1
79,2
36,1
84,2
84,4
84,3
23,7
32,4
74,6
16,6
19,6
15,4
14,4
16,6
12,6
17,4
22,4
84,4
84,1
84,2
29,3
84,3
67,2
55,2
35,1
83,1
62,1
19,4
84,1
27,2
24,6
54,4
31,4
29,4
30,4
84,1
27,4
33,4
29,8
84,6
46,6
47,2
84,4
37,4
38,7
40,4
44,6
52,5
54,6
51,4
48,6
75,6
46,4
71,2
47,4
49,3
84,3
71,1
54,4
57,3
58,5
64,1
70,2
59,6
66,4
65,5
62,3
72,2
64,3
77,4
75,4
68,6
67,6
81,1
77,4
70,4
72,4
73,5
84,4
76,4
78,3
77,5
78,3
84,1
81,4
84,1
84,3
84,1
84,4
84,1
79,2
36,1
85,2
85,4
85,3
23,7
32,4
74,6
16,6
19,6
15,4
14,4
16,6
12,6
17,4
22,4
85,4
85,1
85,2
29,3
85,3
67,2
55,2
35,1
83,1
62,1
19,4
85,1
27,2
24,6
54,4
31,4
29,4
30,4
85,1
27,4
33,4
29,8
85,6
46,6
47,2
85,4
37,4
38,7
40,4
44,6
52,5
54,6
51,4
48,6
75,6
46,4
71,2
47,4
49,3
85,3
71,1
54,4
57,3
58,5
64,1
70,2
59,6
66,4
65,5
62,3
72,2
64,3
77,4
75,4
68,6
67,6
81,1
77,4
70,4
72,4
73,5
85,4
76,4
78,3
77,5
78,3
85,1
81,4
85,1
85,3
85,1
84,4
85,1
79,2
36,1
86,2
86,4
86,3
23,7
32,4
74,6
16,6
19,6
15,4
14,4
16,6
12,6
17,4
22,4
86,4
86,1
86,2
29,3
86,3
67,2
55,2
35,1
83,1
62,1
19,4
86,1
27,2
24,6
54,4
31,4
29,4
30,4
86,1
27,4
33,4
29,8
86,6
46,6
47,2
86,4
37,4
38,7
40,4
44,6
52,5
54,6
51,4
48,6
75,6
46,4
71,2
47,4
49,3
86,3
71,1
54,4
57,3
58,5
64,1
70,2
59,6
66,4
65,5
62,3
72,2
64,3
77,4
75,4
68,6
67,6
81,1
77,4
70,4
72,4
73,5
86,4
76,4
78,3
77,5
78,3
86,1
81,4
86,1
86,3
86,1
84,4
86,1
86,2
86,5
79,2
36,1
87,2
87,4
87,3
23,7
32,4
74,6
16,6
19,6
15,4
14,4
16,6
12,6
17,4
22,4
87,4
87,1
87,2
29,3
87,3
67,2
55,2
35,1
83,1
62,1
19,4
87,1
27,2
24,6
54,4
31,4
29,4
30,4
87,1
27,4
33,4
29,8
87,6
46,6
47,2
87,4
37,4
38,7
40,4
44,6
52,5
54,6
51,4
48,6
75,6
46,4
71,2
47,4
49,3
87,3
71,1
54,4
57,3
58,5
64,1
70,2
59,6
66,4
65,5
62,3
72,2
64,3
77,4
75,4
68,6
67,6
81,1
77,4
70,4
72,4
73,5
87,4
76,4
78,3
77,5
78,3
87,1
81,4
87,1
87,3
87,1
84,4
87,1
87,2
87,5
87,4
87,4
79,2
36,1
88,2
88,4
88,3
23,7
32,4
74,6
16,6
19,6
15,4
14,4
16,6
12,6
17,4
22,4
87,4
88,1
88,2
29,3
88,3
67,2
55,2
35,1
83,1
62,1
19,4
88,1
27,2
24,6
54,4
31,4
29,4
30,4
88,1
27,4
33,4
29,8
87,6
46,6
47,2
88,4
37,4
38,7
40,4
44,6
52,5
54,6
51,4
48,6
75,6
46,4
71,2
47,4
49,3
88,3
71,1
54,4
57,3
58,5
64,1
70,2
59,6
66,4
65,5
62,3
72,2
64,3
77,4
75,4
68,6
67,6
81,1
77,4
70,4
72,4
73,5
88,4
76,4
78,3
77,5
78,3
88,1
81,4
87,1
88,3
87,1
84,4
88,1
88,2
88,5
88,4
88,4
88,4
88,4
79,2
36,1
89,2
89,4
89,3
23,7
32,4
74,6
16,6
19,6
15,4
14,4
16,6
12,6
17,4
22,4
87,4
89,1
89,2
29,3
89,3
67,2
55,2
35,1
83,1
62,1
19,4
89,1
27,2
24,6
54,4
31,4
29,4
30,4
89,1
27,4
33,4
29,8
87,6
46,6
47,2
89,4
37,4
38,7
40,4
44,6
52,5
54,6
51,4
48,6
75,6
46,4
71,2
47,4
49,3
89,3
71,1
54,4
57,3
58,5
64,1
70,2
59,6
66,4
65,5
62,3
72,2
64,3
77,4
75,4
68,6
67,6
81,1
77,4
70,4
72,4
73,5
88,4
76,4
78,3
77,5
78,3
89,1
81,4
89,1
89,3
87,1
84,4
89,1
89,2
89,2
89,5
89,4
88,4
89,4
89,4
79,2
36,1
90,2
90,4
90,3
23,7
32,4
74,6
16,6
19,6
15,4
14,4
16,6
12,6
17,4
22,4
87,4
90,1
90,2
29,3
90,3
67,2
55,2
35,1
83,1
62,1
19,4
90,1
27,2
24,6
54,4
31,4
29,4
30,4
90,1
27,4
33,4
29,8
87,6
90,6
47,2
90,4
37,4
38,7
40,4
44,6
52,5
54,6
51,4
48,6
75,6
46,4
71,2
47,4
49,3
90,3
71,1
54,4
57,3
58,5
64,1
70,2
59,6
66,4
65,5
62,3
72,2
64,3
77,4
75,4
68,6
67,6
81,1
77,4
70,4
72,4
90,5
90,4
76,4
78,3
77,5
78,3
90,1
81,4
90,1
89,3
87,1
84,4
90,1
90,2
90,2
90,5
90,4
88,4
90,4
90,4
79,2
36,1
91,2
91,4
91,3
23,7
32,4
74,6
16,6
19,6
15,4
14,4
16,6
12,6
17,4
22,4
87,4
91,1
91,2
29,3
91,3
67,2
55,2
35,1
83,1
62,1
19,4
91,1
27,2
24,6
54,4
31,4
29,4
30,4
91,1
27,4
33,4
29,8
87,6
91,6
47,2
90,4
37,4
38,7
40,4
44,6
52,5
54,6
51,4
48,6
75,6
46,4
71,2
47,4
49,3
91,3
71,1
54,4
57,3
58,5
64,1
70,2
59,6
66,4
65,5
62,3
72,2
64,3
77,4
75,4
68,6
67,6
81,1
77,4
70,4
72,4
91,5
90,4
76,4
78,3
77,5
78,3
91,1
81,4
91,1
89,3
87,1
84,4
90,1
91,2
91,2
91,5
91,4
88,4
91,4
91,4
79,2
36,1
92,2
92,4
92,3
23,7
32,4
74,6
16,6
19,6
15,4
14,4
16,6
12,6
17,4
22,4
87,4
92,1
92,2
29,3
92,3
67,2
55,2
35,1
83,1
62,1
19,4
92,1
27,2
24,6
54,4
31,4
29,4
30,4
92,1
27,4
33,4
29,8
87,6
92,6
47,2
92,4
37,4
38,7
40,4
44,6
52,5
54,6
51,4
48,6
75,6
46,4
71,2
47,4
49,3
92,3
71,1
54,4
57,3
58,5
64,1
70,2
59,6
66,4
65,5
62,3
72,2
64,3
77,4
75,4
68,6
67,6
81,1
77,4
70,4
72,4
92,5
90,4
76,4
78,3
77,5
78,3
92,1
81,4
92,1
89,3
87,1
84,4
92,1
92,2
92,2
92,5
92,4
92,4
88,4
92,4
92,4
79,2
36,1
93,2
93,4
93,3
23,7
32,4
74,6
16,6
19,6
15,4
14,4
16,6
12,6
17,4
22,4
87,4
93,1
93,2
29,3
93,3
67,2
55,2
35,1
83,1
62,1
19,4
93,1
27,2
24,6
54,4
31,4
29,4
30,4
93,1
27,4
33,4
29,8
87,6
93,6
47,2
93,4
37,4
38,7
40,4
44,6
52,5
54,6
51,4
48,6
75,6
46,4
71,2
47,4
49,3
93,3
71,1
54,4
57,3
58,5
64,1
70,2
59,6
66,4
65,5
62,3
72,2
64,3
77,4
75,4
68,6
67,6
81,1
77,4
70,4
72,4
93,5
90,4
76,4
78,3
77,5
78,3
92,1
81,4
93,1
89,3
87,1
84,4
92,1
92,2
93,2
93,5
93,4
92,4
88,4
93,4
92,4
79,2
36,1
94,2
94,4
94,3
23,7
32,4
74,6
16,6
19,6
15,4
14,4
16,6
12,6
17,4
22,4
87,4
94,1
94,2
29,3
94,3
67,2
55,2
35,1
83,1
62,1
19,4
94,1
27,2
24,6
54,4
31,4
29,4
30,4
94,1
27,4
33,4
29,8
87,6
94,6
47,2
94,4
37,4
38,7
40,4
44,6
52,5
54,6
51,4
48,6
75,6
46,4
71,2
47,4
49,3
94,3
71,1
54,4
57,3
58,5
64,1
70,2
59,6
66,4
65,5
62,3
72,2
64,3
77,4
75,4
68,6
67,6
81,1
77,4
70,4
72,4
94,5
90,4
76,4
78,3
77,5
78,3
94,1
81,4
93,1
89,3
87,1
84,4
92,1
94,2
94,2
93,5
94,4
92,4
88,4
94,4
92,4
94,2
79,2
36,1
95,2
95,4
95,3
23,7
32,4
74,6
16,6
19,6
15,4
14,4
16,6
12,6
17,4
22,4
87,4
95,1
95,2
29,3
95,3
95,2
55,2
35,1
83,1
62,1
19,4
95,1
27,2
24,6
54,4
31,4
29,4
30,4
95,1
27,4
33,4
29,8
87,6
94,6
47,2
95,4
37,4
38,7
40,4
44,6
52,5
54,6
51,4
48,6
75,6
46,4
71,2
47,4
49,3
95,3
71,1
54,4
57,3
58,5
95,1
70,2
59,6
66,4
65,5
62,3
72,2
64,3
77,4
75,4
68,6
67,6
81,1
77,4
70,4
72,4
95,5
90,4
76,4
78,3
77,5
78,3
95,1
81,4
93,1
89,3
87,1
84,4
92,1
94,2
95,2
93,5
94,4
92,4
88,4
95,4
92,4
95,2
79,2
36,1
96,2
96,4
96,3
23,7
32,4
74,6
16,6
19,6
15,4
14,4
16,6
12,6
17,4
22,4
87,4
96,1
96,2
29,3
96,3
96,2
55,2
35,1
83,1
62,1
19,4
96,1
27,2
24,6
54,4
31,4
29,4
30,4
96,1
27,4
33,4
29,8
87,6
96,6
47,2
96,4
37,4
38,7
40,4
44,6
52,5
54,6
51,4
48,6
75,6
46,4
71,2
47,4
49,3
96,3
71,1
54,4
57,3
58,5
95,1
70,2
59,6
66,4
65,5
62,3
72,2
64,3
77,4
75,4
68,6
67,6
81,1
77,4
70,4
72,4
96,5
90,4
76,4
78,3
77,5
78,3
96,1
81,4
93,1
89,3
87,1
84,4
92,1
94,2
96,2
93,5
94,4
92,4
88,4
95,4
92,4
95,2
79,2
36,1
97,2
97,4
97,3
23,7
32,4
74,6
16,6
19,6
15,4
14,4
16,6
12,6
17,4
22,4
87,4
97,1
97,2
29,3
97,3
97,2
55,2
35,1
83,1
62,1
19,4
97,1
27,2
24,6
54,4
31,4
29,4
30,4
97,1
27,4
33,4
29,8
87,6
96,6
47,2
97,4
37,4
38,7
40,4
44,6
52,5
54,6
51,4
48,6
75,6
46,4
71,2
47,4
49,3
97,3
71,1
54,4
57,3
58,5
97,1
70,2
59,6
66,4
65,5
62,3
72,2
64,3
77,4
75,4
68,6
67,6
81,1
77,4
70,4
72,4
97,5
90,4
76,4
78,3
77,5
78,3
97,1
81,4
93,1
89,3
87,1
84,4
92,1
97,2
97,2
93,5
94,4
92,4
88,4
95,4
92,4
95,2
97,4
97,6
97,4
79,2
36,1
98,2
98,4
98,3
23,7
32,4
74,6
16,6
19,6
15,4
14,4
16,6
12,6
17,4
22,4
87,4
98,1
98,2
29,3
98,3
98,2
55,2
35,1
83,1
62,1
19,4
98,1
27,2
24,6
54,4
31,4
29,4
30,4
98,1
27,4
33,4
29,8
87,6
98,6
47,2
98,4
37,4
38,7
40,4
44,6
52,5
54,6
51,4
48,6
75,6
46,4
71,2
47,4
49,3
98,3
71,1
54,4
57,3
58,5
97,1
70,2
59,6
66,4
65,5
98,3
72,2
64,3
77,4
75,4
68,6
67,6
81,1
77,4
70,4
72,4
97,5
90,4
76,4
78,3
77,5
78,3
98,1
81,4
93,1
89,3
87,1
84,4
92,1
97,2
98,2
93,5
94,4
92,4
88,4
95,4
92,4
95,2
97,4
98,6
98,4
79,2
36,1
99,2
99,4
99,3
23,7
32,4
74,6
16,6
19,6
15,4
14,4
16,6
12,6
17,4
22,4
87,4
99,1
99,2
29,3
99,3
99,2
55,2
35,1
83,1
62,1
19,4
99,1
27,2
24,6
54,4
31,4
29,4
30,4
99,1
27,4
33,4
29,8
87,6
99,6
47,2
98,4
37,4
38,7
40,4
44,6
52,5
54,6
51,4
48,6
75,6
46,4
71,2
47,4
49,3
99,3
71,1
54,4
57,3
58,5
97,1
70,2
59,6
66,4
65,5
99,3
99,2
64,3
77,4
75,4
68,6
67,6
81,1
77,4
70,4
72,4
97,5
90,4
76,4
78,3
77,5
78,3
99,1
81,4
93,1
89,3
87,1
84,4
92,1
97,2
99,2
93,5
94,4
92,4
88,4
95,4
92,4
95,2
97,4
98,6
99,4
99,4
79,2
36,1
100,2
100,4
100,3
23,7
32,4
74,6
16,6
19,6
15,4
14,4
16,6
12,6
17,4
22,4
87,4
100,1
100,2
29,3
100,3
100,2
100,2
35,1
83,1
62,1
19,4
100,1
27,2
24,6
54,4
31,4
29,4
30,4
99,1
27,4
33,4
29,8
87,6
99,6
47,2
98,4
37,4
38,7
40,4
44,6
52,5
54,6
51,4
48,6
75,6
46,4
71,2
47,4
49,3
100,3
71,1
54,4
57,3
58,5
100,1
70,2
59,6
66,4
65,5
100,3
100,2
64,3
77,4
75,4
68,6
67,6
100,1
77,4
70,4
72,4
97,5
90,4
76,4
78,3
77,5
78,3
99,1
81,4
93,1
89,3
87,1
84,4
92,1
97,2
100,2
93,5
94,4
92,4
88,4
95,4
92,4
95,2
97,4
98,6
100,4
100,4
79,2
36,1
101,2
101,4
101,3
23,7
32,4
74,6
16,6
19,6
15,4
14,4
16,6
12,6
17,4
22,4
87,4
101,1
101,2
29,3
101,3
101,2
101,2
35,1
83,1
62,1
19,4
101,1
27,2
24,6
54,4
31,4
29,4
30,4
101,1
27,4
33,4
29,8
87,6
99,6
47,2
98,4
37,4
38,7
40,4
44,6
52,5
54,6
51,4
48,6
75,6
46,4
71,2
47,4
49,3
101,3
71,1
54,4
57,3
58,5
101,1
70,2
59,6
66,4
65,5
101,3
101,2
64,3
77,4
75,4
68,6
67,6
101,1
77,4
70,4
72,4
97,5
90,4
76,4
78,3
77,5
78,3
99,1
81,4
93,1
89,3
87,1
84,4
92,1
101,2
101,2
93,5
94,4
92,4
88,4
95,4
92,4
95,2
97,4
98,6
101,4
101,4
101,4
79,2
36,1
102,2
102,4
102,3
23,7
32,4
74,6
16,6
19,6
15,4
14,4
16,6
12,6
17,4
22,4
87,4
102,1
102,2
29,3
102,3
102,2
102,2
35,1
83,1
62,1
19,4
102,1
27,2
24,6
54,4
31,4
29,4
30,4
102,1
27,4
33,4
29,8
87,6
99,6
47,2
98,4
37,4
38,7
40,4
44,6
52,5
54,6
51,4
48,6
75,6
46,4
71,2
47,4
49,3
101,3
71,1
54,4
57,3
58,5
102,1
70,2
59,6
66,4
65,5
102,3
102,2
64,3
77,4
75,4
68,6
67,6
101,1
102,4
70,4
72,4
97,5
90,4
76,4
78,3
77,5
78,3
99,1
81,4
93,1
89,3
87,1
84,4
92,1
102,2
102,2
93,5
94,4
92,4
88,4
95,4
92,4
95,2
97,4
98,6
102,4
102,4
102,4
102,3
79,2
36,1
103,2
103,4
103,3
23,7
32,4
74,6
16,6
19,6
15,4
14,4
16,6
12,6
17,4
22,4
87,4
103,1
103,2
29,3
103,3
103,2
103,2
35,1
83,1
62,1
19,4
103,1
27,2
24,6
54,4
31,4
29,4
30,4
103,1
27,4
33,4
29,8
87,6
99,6
103,2
98,4
37,4
38,7
40,4
44,6
52,5
54,6
51,4
48,6
75,6
46,4
71,2
47,4
49,3
101,3
71,1
54,4
57,3
58,5
103,1
70,2
59,6
66,4
65,5
103,3
103,2
64,3
77,4
75,4
68,6
67,6
101,1
103,4
70,4
72,4
97,5
90,4
76,4
78,3
77,5
78,3
99,1
81,4
93,1
89,3
87,1
84,4
92,1
103,2
102,2
93,5
94,4
92,4
88,4
95,4
92,4
95,2
97,4
98,6
102,4
103,4
103,4
103,3
79,2
36,1
104,2
104,4
104,3
23,7
32,4
74,6
16,6
19,6
15,4
14,4
16,6
12,6
17,4
22,4
87,4
104,1
104,2
29,3
104,3
104,2
104,2
35,1
83,1
62,1
19,4
104,1
27,2
24,6
54,4
31,4
29,4
30,4
104,1
27,4
33,4
29,8
87,6
99,6
104,2
98,4
37,4
38,7
40,4
44,6
52,5
54,6
51,4
48,6
75,6
46,4
71,2
47,4
49,3
101,3
71,1
54,4
57,3
58,5
104,1
70,2
59,6
104,4
65,5
104,3
104,2
64,3
77,4
75,4
68,6
67,6
101,1
104,4
70,4
72,4
97,5
90,4
76,4
78,3
77,5
78,3
99,1
81,4
93,1
89,3
87,1
84,4
92,1
104,2
102,2
93,5
94,4
92,4
88,4
95,4
92,4
95,2
97,4
98,6
102,4
104,4
103,4
104,3
79,2
36,1
105,2
105,4
105,3
23,7
32,4
74,6
16,6
19,6
15,4
14,4
16,6
12,6
17,4
22,4
87,4
105,1
105,2
29,3
105,3
105,2
105,2
35,1
83,1
62,1
19,4
105,1
27,2
24,6
54,4
31,4
29,4
30,4
105,1
27,4
33,4
29,8
87,6
99,6
105,2
98,4
37,4
38,7
40,4
44,6
52,5
54,6
51,4
48,6
75,6
46,4
71,2
47,4
49,3
101,3
71,1
54,4
57,3
58,5
105,1
70,2
59,6
105,4
65,5
105,3
105,2
64,3
77,4
75,4
68,6
67,6
101,1
105,4
70,4
72,4
97,5
90,4
76,4
78,3
77,5
78,3
99,1
81,4
93,1
89,3
87,1
84,4
92,1
105,2
102,2
93,5
94,4
92,4
88,4
95,4
92,4
95,2
97,4
98,6
102,4
105,4
105,4
103,4
105,3
105,4
105,3
105,4
79,2
36,1
106,2
106,4
106,3
23,7
32,4
74,6
16,6
19,6
15,4
14,4
16,6
12,6
17,4
22,4
87,4
106,1
106,2
29,3
106,3
106,2
106,2
35,1
83,1
62,1
19,4
106,1
27,2
24,6
54,4
31,4
29,4
30,4
106,1
27,4
33,4
29,8
87,6
99,6
106,2
98,4
37,4
38,7
40,4
44,6
52,5
54,6
51,4
48,6
75,6
46,4
71,2
47,4
49,3
101,3
71,1
54,4
57,3
58,5
105,1
70,2
59,6
106,4
65,5
106,3
106,2
64,3
77,4
75,4
68,6
67,6
101,1
106,4
70,4
72,4
97,5
90,4
76,4
78,3
77,5
78,3
99,1
81,4
93,1
89,3
87,1
84,4
92,1
106,2
102,2
93,5
94,4
92,4
88,4
95,4
92,4
95,2
97,4
98,6
102,4
105,4
106,4
103,4
106,3
106,4
105,3
106,4
79,2
36,1
107,2
107,4
107,3
23,7
32,4
74,6
16,6
19,6
15,4
14,4
16,6
12,6
17,4
22,4
87,4
107,1
107,2
29,3
107,3
107,2
107,2
35,1
107,1
62,1
19,4
107,1
27,2
24,6
54,4
31,4
29,4
30,4
107,1
27,4
33,4
29,8
87,6
99,6
107,2
98,4
37,4
38,7
40,4
44,6
52,5
54,6
51,4
48,6
75,6
46,4
71,2
47,4
49,3
101,3
71,1
54,4
57,3
58,5
105,1
70,2
59,6
107,4
65,5
107,3
107,2
64,3
77,4
75,4
68,6
107,2
67,6
101,1
107,4
70,4
72,4
97,5
90,4
76,4
78,3
77,5
78,3
99,1
81,4
93,1
89,3
87,1
84,4
92,1
107,2
102,2
93,5
94,4
92,4
88,4
95,4
92,4
95,2
97,4
98,6
102,4
105,4
107,4
103,4
106,3
107,4
105,3
107,4
79,2
36,1
108,2
108,4
108,3
23,7
32,4
74,6
16,6
19,6
15,4
14,4
16,6
12,6
17,4
22,4
87,4
108,1
108,2
29,3
108,3
108,2
108,2
35,1
107,1
62,1
19,4
108,1
27,2
24,6
54,4
31,4
29,4
30,4
108,1
27,4
33,4
29,8
87,6
99,6
108,2
98,4
37,4
38,7
40,4
44,6
52,5
54,6
51,4
48,6
75,6
46,4
71,2
47,4
49,3
101,3
71,1
54,4
57,3
58,5
105,1
70,2
59,6
108,4
65,5
107,3
108,2
64,3
77,4
75,4
68,6
108,2
67,6
101,1
108,4
70,4
72,4
108,5
90,4
76,4
78,3
77,5
78,3
99,1
81,4
93,1
89,3
87,1
84,4
92,1
108,2
102,2
93,5
94,4
92,4
88,4
95,4
92,4
95,2
97,4
98,6
102,4
105,4
107,4
103,4
106,3
108,4
105,3
107,4
108,1
79,2
36,1
109,2
109,4
108,3
23,7
32,4
74,6
16,6
19,6
15,4
14,4
16,6
12,6
17,4
22,4
87,4
109,1
109,2
29,3
109,3
109,2
109,2
35,1
107,1
62,1
19,4
109,1
27,2
24,6
54,4
31,4
29,4
30,4
109,1
27,4
33,4
29,8
87,6
99,6
109,2
98,4
37,4
38,7
40,4
44,6
52,5
54,6
51,4
48,6
75,6
46,4
71,2
47,4
49,3
101,3
71,1
54,4
57,3
58,5
105,1
70,2
59,6
109,4
65,5
107,3
109,2
64,3
77,4
75,4
68,6
109,2
67,6
101,1
109,4
70,4
72,4
109,5
90,4
76,4
78,3
77,5
78,3
99,1
81,4
93,1
89,3
87,1
84,4
92,1
109,2
102,2
93,5
94,4
92,4
88,4
95,4
92,4
95,2
97,4
98,6
102,4
109,4
107,4
103,4
106,3
109,4
105,3
107,4
109,1
109,3
79,2
36,1
110,2
110,4
108,3
23,7
32,4
74,6
16,6
19,6
15,4
14,4
16,6
12,6
17,4
22,4
87,4
110,1
110,2
29,3
110,3
110,2
109,2
35,1
107,1
62,1
19,4
110,1
27,2
24,6
54,4
31,4
29,4
30,4
110,1
27,4
33,4
29,8
87,6
99,6
110,2
98,4
37,4
38,7
40,4
44,6
52,5
54,6
51,4
48,6
75,6
46,4
71,2
47,4
49,3
101,3
71,1
54,4
57,3
58,5
105,1
70,2
59,6
110,4
65,5
107,3
110,2
64,3
77,4
75,4
68,6
109,2
67,6
101,1
110,4
70,4
72,4
109,5
90,4
76,4
78,3
77,5
78,3
99,1
81,4
93,1
89,3
87,1
84,4
92,1
110,2
102,2
93,5
94,4
92,4
88,4
95,4
92,4
95,2
97,4
98,6
102,4
109,4
107,4
103,4
106,3
109,4
105,3
107,4
109,1
110,3
79,2
36,1
111,2
111,4
108,3
23,7
32,4
74,6
16,6
19,6
15,4
14,4
16,6
12,6
17,4
22,4
87,4
111,1
111,2
29,3
111,3
111,2
111,2
35,1
107,1
62,1
19,4
111,1
27,2
24,6
54,4
31,4
29,4
30,4
111,1
27,4
33,4
29,8
87,6
99,6
111,2
98,4
37,4
38,7
40,4
44,6
52,5
54,6
51,4
48,6
75,6
46,4
71,2
47,4
49,3
101,3
71,1
54,4
57,3
58,5
105,1
70,2
59,6
111,4
65,5
107,3
111,2
64,3
77,4
75,4
68,6
109,2
67,6
101,1
111,4
70,4
72,4
109,5
90,4
76,4
78,3
77,5
78,3
99,1
81,4
93,1
89,3
87,1
84,4
92,1
111,2
102,2
93,5
94,4
92,4
88,4
95,4
92,4
95,2
97,4
98,6
102,4
109,4
107,4
103,4
106,3
109,4
105,3
107,4
109,1
111,3
79,2
36,1
112,2
112,4
108,3
23,7
32,4
74,6
16,6
19,6
15,4
14,4
16,6
12,6
17,4
22,4
87,4
112,1
112,2
29,3
112,3
112,2
112,2
35,1
107,1
112,1
19,4
112,1
27,2
24,6
54,4
31,4
29,4
30,4
112,1
27,4
33,4
29,8
87,6
99,6
111,2
98,4
37,4
38,7
40,4
44,6
52,5
54,6
51,4
48,6
75,6
46,4
71,2
47,4
49,3
101,3
71,1
54,4
57,3
58,5
105,1
70,2
59,6
112,4
65,5
107,3
112,2
64,3
77,4
75,4
68,6
109,2
67,6
101,1
112,4
70,4
72,4
109,5
90,4
76,4
78,3
77,5
78,3
99,1
81,4
93,1
89,3
87,1
84,4
92,1
111,2
102,2
93,5
94,4
92,4
88,4
95,4
92,4
95,2
97,4
98,6
102,4
109,4
107,4
103,4
106,3
109,4
105,3
107,4
112,1
112,3
112,1
112,1
112,8
79,2
36,1
113,2
113,4
108,3
23,7
32,4
74,6
16,6
19,6
15,4
14,4
16,6
12,6
17,4
22,4
87,4
113,1
113,2
29,3
113,3
113,2
113,2
35,1
107,1
112,1
19,4
113,1
27,2
24,6
54,4
31,4
29,4
30,4
113,1
27,4
33,4
29,8
87,6
99,6
113,2
98,4
37,4
38,7
40,4
44,6
52,5
54,6
51,4
48,6
75,6
46,4
71,2
47,4
49,3
101,3
71,1
54,4
57,3
58,5
105,1
70,2
59,6
113,4
65,5
107,3
113,2
64,3
77,4
75,4
68,6
109,2
67,6
101,1
113,4
70,4
72,4
109,5
90,4
76,4
78,3
77,5
78,3
99,1
81,4
93,1
89,3
87,1
84,4
92,1
111,2
102,2
93,5
94,4
92,4
88,4
95,4
92,4
95,2
97,4
98,6
102,4
109,4
107,4
103,4
106,3
109,4
105,3
107,4
113,1
113,3
113,1
113,1
113,8
113,4
79,2
36,1
113,2
114,4
108,3
23,7
32,4
74,6
16,6
19,6
15,4
14,4
16,6
12,6
17,4
22,4
87,4
114,1
114,2
29,3
114,3
114,2
114,2
35,1
107,1
112,1
19,4
114,1
27,2
24,6
54,4
31,4
29,4
30,4
114,1
27,4
33,4
29,8
87,6
99,6
114,2
98,4
37,4
38,7
40,4
44,6
52,5
54,6
51,4
48,6
75,6
46,4
71,2
47,4
49,3
101,3
71,1
54,4
57,3
58,5
105,1
70,2
59,6
114,4
65,5
107,3
114,2
64,3
77,4
75,4
68,6
109,2
67,6
101,1
114,4
70,4
72,4
109,5
90,4
76,4
78,3
77,5
78,3
99,1
81,4
93,1
89,3
87,1
84,4
92,1
111,2
102,2
93,5
94,4
92,4
88,4
95,4
92,4
95,2
97,4
98,6
102,4
109,4
107,4
103,4
106,3
109,4
105,3
107,4
114,1
114,3
114,1
113,1
113,8
114,4
79,2
36,1
113,2
115,4
108,3
23,7
32,4
74,6
16,6
19,6
15,4
14,4
16,6
12,6
17,4
22,4
87,4
115,1
115,2
29,3
115,3
115,2
115,2
35,1
107,1
112,1
19,4
115,1
27,2
24,6
54,4
31,4
29,4
30,4
115,1
27,4
33,4
29,8
87,6
99,6
115,2
98,4
37,4
38,7
40,4
44,6
52,5
54,6
51,4
48,6
75,6
46,4
71,2
47,4
49,3
101,3
71,1
54,4
57,3
58,5
105,1
70,2
59,6
115,4
65,5
107,3
115,2
64,3
77,4
75,4
68,6
109,2
67,6
101,1
115,4
70,4
72,4
109,5
90,4
76,4
78,3
77,5
78,3
99,1
81,4
93,1
89,3
87,1
84,4
92,1
111,2
102,2
93,5
115,4
92,4
88,4
95,4
92,4
95,2
115,1
97,4
98,6
102,4
109,4
107,4
103,4
106,3
109,4
105,3
107,4
114,1
114,3
115,1
115,1
113,8
115,4
115,4
79,2
36,1
113,2
116,4
108,3
23,7
32,4
74,6
16,6
19,6
15,4
14,4
16,6
12,6
17,4
22,4
87,4
116,1
116,2
29,3
116,3
116,2
116,2
35,1
107,1
112,1
19,4
116,1
27,2
24,6
54,4
31,4
29,4
30,4
116,1
27,4
33,4
29,8
87,6
99,6
116,2
98,4
37,4
38,7
40,4
44,6
52,5
54,6
51,4
48,6
75,6
46,4
71,2
47,4
49,3
101,3
71,1
54,4
57,3
58,5
105,1
70,2
59,6
116,4
65,5
107,3
115,2
64,3
77,4
75,4
68,6
109,2
67,6
101,1
116,4
70,4
72,4
109,5
90,4
76,4
78,3
77,5
78,3
99,1
81,4
93,1
89,3
87,1
84,4
92,1
111,2
102,2
93,5
116,4
92,4
88,4
95,4
92,4
95,2
116,1
97,4
98,6
102,4
109,4
107,4
103,4
106,3
109,4
105,3
107,4
114,1
116,3
115,1
116,1
113,8
116,4
116,4
79,2
36,1
113,2
117,4
108,3
23,7
32,4
74,6
16,6
19,6
15,4
14,4
16,6
12,6
17,4
22,4
87,4
117,1
117,2
29,3
117,3
116,2
116,2
35,1
107,1
112,1
19,4
117,1
27,2
24,6
54,4
31,4
29,4
30,4
117,1
27,4
33,4
29,8
87,6
99,6
117,2
98,4
37,4
38,7
40,4
44,6
52,5
54,6
51,4
48,6
75,6
46,4
71,2
47,4
49,3
101,3
71,1
54,4
57,3
58,5
105,1
70,2
59,6
117,4
65,5
107,3
115,2
64,3
77,4
75,4
68,6
109,2
67,6
101,1
117,4
70,4
72,4
109,5
90,4
76,4
78,3
77,5
78,3
99,1
81,4
93,1
117,3
87,1
84,4
92,1
111,2
102,2
93,5
117,4
92,4
88,4
95,4
92,4
95,2
117,1
97,4
98,6
102,4
109,4
107,4
103,4
106,3
109,4
105,3
107,4
114,1
117,3
115,1
117,1
113,8
117,4
117,4
117,5
79,2
36,1
113,2
118,4
118,3
23,7
32,4
74,6
16,6
19,6
15,4
14,4
16,6
12,6
17,4
22,4
87,4
117,1
118,2
29,3
118,3
116,2
116,2
35,1
107,1
112,1
19,4
118,1
27,2
24,6
54,4
31,4
29,4
30,4
118,1
27,4
33,4
29,8
87,6
99,6
118,2
98,4
37,4
38,7
40,4
44,6
52,5
54,6
51,4
48,6
75,6
46,4
71,2
47,4
49,3
101,3
71,1
54,4
57,3
58,5
105,1
70,2
59,6
118,4
65,5
107,3
115,2
64,3
77,4
75,4
68,6
109,2
67,6
101,1
118,4
70,4
72,4
109,5
90,4
76,4
78,3
77,5
78,3
99,1
81,4
93,1
118,3
87,1
84,4
92,1
111,2
102,2
93,5
118,4
92,4
88,4
95,4
92,4
95,2
117,1
97,4
98,6
102,4
109,4
107,4
103,4
106,3
109,4
105,3
107,4
114,1
118,3
115,1
118,1
113,8
117,4
118,4
118,5
79,2
36,1
113,2
119,4
119,3
23,7
32,4
74,6
16,6
19,6
15,4
14,4
16,6
12,6
17,4
22,4
87,4
119,1
119,2
29,3
119,3
116,2
116,2
35,1
107,1
112,1
19,4
119,1
27,2
24,6
54,4
31,4
29,4
30,4
119,1
27,4
33,4
29,8
87,6
99,6
119,2
98,4
37,4
38,7
40,4
44,6
52,5
54,6
51,4
48,6
75,6
46,4
71,2
47,4
49,3
101,3
71,1
54,4
57,3
58,5
105,1
70,2
59,6
119,4
65,5
107,3
115,2
64,3
77,4
75,4
68,6
109,2
67,6
101,1
119,4
70,4
72,4
109,5
90,4
76,4
78,3
77,5
78,3
99,1
81,4
93,1
119,3
87,1
84,4
92,1
111,2
102,2
93,5
119,4
92,4
88,4
95,4
92,4
95,2
117,1
97,4
98,6
102,4
109,4
107,4
103,4
106,3
109,4
105,3
107,4
114,1
119,3
115,1
118,1
113,8
117,4
119,4
119,5
119,3
119,7
79,2
36,1
113,2
120,4
120,3
23,7
32,4
74,6
16,6
19,6
15,4
14,4
16,6
12,6
17,4
22,4
87,4
120,1
120,2
29,3
120,3
116,2
120,2
35,1
107,1
112,1
19,4
120,1
27,2
24,6
54,4
31,4
29,4
30,4
120,1
27,4
33,4
29,8
87,6
99,6
119,2
98,4
37,4
38,7
40,4
44,6
52,5
54,6
51,4
48,6
75,6
46,4
71,2
47,4
49,3
101,3
71,1
54,4
57,3
58,5
105,1
70,2
59,6
120,4
65,5
107,3
115,2
64,3
77,4
75,4
68,6
109,2
67,6
101,1
119,4
70,4
72,4
109,5
90,4
76,4
78,3
77,5
78,3
99,1
81,4
93,1
120,3
87,1
84,4
92,1
111,2
102,2
93,5
120,4
120,4
88,4
95,4
92,4
95,2
117,1
97,4
98,6
102,4
109,4
107,4
103,4
106,3
109,4
105,3
107,4
114,1
120,3
115,1
120,1
113,8
117,4
120,4
120,5
120,3
120,7
79,2
36,1
113,2
121,4
121,3
23,7
32,4
74,6
16,6
19,6
15,4
14,4
16,6
12,6
17,4
22,4
87,4
121,1
121,2
29,3
121,3
116,2
121,2
35,1
107,1
112,1
19,4
121,1
27,2
24,6
54,4
31,4
29,4
30,4
121,1
27,4
33,4
29,8
87,6
99,6
121,2
98,4
37,4
38,7
40,4
44,6
52,5
54,6
51,4
48,6
75,6
46,4
71,2
47,4
49,3
101,3
71,1
54,4
57,3
58,5
105,1
70,2
59,6
121,4
65,5
107,3
115,2
64,3
77,4
75,4
68,6
109,2
67,6
101,1
119,4
70,4
72,4
109,5
90,4
76,4
78,3
77,5
78,3
99,1
81,4
93,1
121,3
87,1
84,4
92,1
111,2
102,2
93,5
121,4
121,4
88,4
95,4
92,4
95,2
117,1
97,4
98,6
102,4
109,4
107,4
103,4
106,3
109,4
105,3
107,4
114,1
121,3
115,1
121,1
113,8
117,4
121,4
121,5
121,3
121,7
79,2
36,1
113,2
122,4
122,3
23,7
32,4
74,6
16,6
19,6
15,4
14,4
16,6
12,6
17,4
22,4
87,4
122,1
122,2
29,3
122,3
116,2
121,2
35,1
107,1
112,1
19,4
122,1
27,2
24,6
54,4
31,4
29,4
30,4
122,1
27,4
33,4
29,8
87,6
99,6
122,2
98,4
37,4
38,7
40,4
44,6
52,5
54,6
51,4
48,6
75,6
46,4
71,2
47,4
49,3
101,3
71,1
54,4
57,3
58,5
105,1
70,2
59,6
122,4
65,5
107,3
115,2
64,3
77,4
75,4
68,6
109,2
67,6
101,1
119,4
70,4
72,4
109,5
90,4
76,4
78,3
77,5
78,3
99,1
81,4
93,1
122,3
87,1
84,4
92,1
111,2
102,2
93,5
122,4
122,4
88,4
95,4
92,4
95,2
117,1
97,4
98,6
102,4
109,4
107,4
103,4
106,3
109,4
105,3
107,4
114,1
122,3
115,1
122,1
113,8
117,4
121,4
122,5
122,3
122,7
122,2
79,2
36,1
123,2
123,4
122,3
23,7
32,4
74,6
16,6
19,6
15,4
14,4
16,6
12,6
17,4
22,4
87,4
123,1
123,2
29,3
123,3
116,2
123,2
35,1
107,1
112,1
19,4
123,1
27,2
24,6
54,4
31,4
29,4
30,4
123,1
27,4
33,4
29,8
87,6
99,6
123,2
98,4
37,4
38,7
40,4
44,6
52,5
54,6
51,4
48,6
75,6
46,4
71,2
47,4
49,3
101,3
71,1
54,4
57,3
58,5
105,1
70,2
59,6
122,4
65,5
107,3
115,2
64,3
77,4
75,4
68,6
109,2
67,6
101,1
119,4
70,4
72,4
109,5
90,4
76,4
78,3
77,5
78,3
99,1
81,4
93,1
123,3
87,1
84,4
92,1
111,2
102,2
93,5
123,4
123,4
88,4
95,4
92,4
95,2
117,1
97,4
98,6
102,4
109,4
107,4
103,4
106,3
109,4
105,3
107,4
114,1
122,3
115,1
122,1
113,8
117,4
121,4
123,5
123,3
123,7
123,2
123,6
79,2
36,1
124,2
124,4
122,3
23,7
32,4
74,6
16,6
19,6
15,4
14,4
16,6
12,6
17,4
22,4
87,4
124,1
124,2
29,3
124,3
116,2
124,2
35,1
107,1
112,1
19,4
124,1
27,2
24,6
54,4
31,4
29,4
30,4
124,1
27,4
33,4
29,8
87,6
99,6
123,2
98,4
37,4
38,7
40,4
44,6
52,5
54,6
51,4
48,6
75,6
46,4
71,2
47,4
49,3
101,3
71,1
54,4
57,3
58,5
105,1
124,2
59,6
122,4
65,5
107,3
115,2
64,3
77,4
75,4
68,6
109,2
67,6
101,1
119,4
70,4
72,4
109,5
90,4
76,4
78,3
77,5
78,3
99,1
81,4
93,1
124,3
87,1
84,4
92,1
111,2
102,2
93,5
124,4
124,4
88,4
95,4
92,4
95,2
117,1
97,4
98,6
102,4
109,4
107,4
103,4
106,3
109,4
105,3
107,4
114,1
122,3
115,1
124,1
113,8
117,4
121,4
123,5
124,3
124,7
124,2
124,6
79,2
36,1
125,2
125,4
125,3
23,7
32,4
74,6
16,6
19,6
15,4
14,4
16,6
12,6
17,4
22,4
87,4
125,1
125,2
29,3
125,3
116,2
125,2
35,1
125,1
112,1
19,4
125,1
27,2
24,6
54,4
31,4
29,4
30,4
125,1
27,4
33,4
29,8
87,6
99,6
123,2
98,4
37,4
38,7
40,4
44,6
52,5
54,6
51,4
48,6
75,6
46,4
71,2
47,4
49,3
101,3
71,1
54,4
57,3
58,5
105,1
125,2
59,6
122,4
65,5
107,3
115,2
64,3
77,4
75,4
68,6
109,2
67,6
101,1
119,4
70,4
72,4
109,5
90,4
76,4
78,3
77,5
78,3
99,1
81,4
93,1
125,3
87,1
84,4
92,1
111,2
102,2
93,5
125,4
125,4
88,4
95,4
92,4
95,2
117,1
97,4
98,6
102,4
109,4
107,4
103,4
106,3
109,4
105,3
107,4
114,1
122,3
115,1
125,1
113,8
117,4
121,4
123,5
125,3
125,7
125,2
125,6
79,2
36,1
126,2
125,4
126,3
23,7
32,4
74,6
16,6
19,6
15,4
14,4
16,6
12,6
17,4
22,4
87,4
126,1
126,2
29,3
126,3
116,2
126,2
35,1
126,1
112,1
19,4
126,1
27,2
24,6
54,4
31,4
29,4
30,4
126,1
27,4
33,4
29,8
87,6
99,6
123,2
98,4
37,4
38,7
40,4
44,6
52,5
54,6
51,4
48,6
75,6
46,4
71,2
47,4
49,3
101,3
71,1
54,4
57,3
58,5
105,1
126,2
59,6
122,4
65,5
107,3
115,2
64,3
77,4
75,4
68,6
109,2
67,6
101,1
119,4
70,4
72,4
109,5
90,4
76,4
78,3
77,5
78,3
99,1
81,4
93,1
126,3
87,1
84,4
92,1
111,2
102,2
93,5
126,4
126,4
88,4
95,4
92,4
95,2
117,1
97,4
98,6
102,4
109,4
107,4
103,4
106,3
109,4
105,3
107,4
114,1
122,3
115,1
126,1
113,8
117,4
121,4
123,5
125,3
126,7
126,2
126,6
79,2
36,1
127,2
125,4
126,3
23,7
32,4
74,6
16,6
19,6
15,4
14,4
16,6
12,6
17,4
22,4
87,4
127,1
127,2
29,3
127,3
116,2
127,2
35,1
127,1
112,1
19,4
127,1
27,2
24,6
54,4
31,4
29,4
30,4
127,1
27,4
33,4
29,8
87,6
99,6
123,2
98,4
37,4
38,7
40,4
44,6
52,5
54,6
51,4
48,6
75,6
46,4
71,2
47,4
49,3
101,3
71,1
54,4
57,3
58,5
105,1
127,2
59,6
122,4
65,5
107,3
115,2
64,3
77,4
75,4
68,6
109,2
67,6
101,1
119,4
70,4
72,4
109,5
90,4
76,4
78,3
77,5
78,3
99,1
81,4
93,1
127,3
87,1
84,4
92,1
111,2
102,2
93,5
127,4
127,4
88,4
95,4
92,4
95,2
117,1
97,4
98,6
102,4
109,4
107,4
103,4
106,3
109,4
105,3
107,4
114,1
122,3
115,1
127,1
113,8
117,4
121,4
123,5
125,3
127,7
126,2
126,6
127,6
79,2
36,1
128,2
128,4
126,3
23,7
32,4
74,6
16,6
19,6
15,4
14,4
16,6
12,6
17,4
22,4
87,4
128,1
128,2
29,3
128,3
128,2
128,2
35,1
127,1
112,1
19,4
128,1
27,2
24,6
54,4
31,4
29,4
30,4
128,1
27,4
33,4
29,8
87,6
99,6
123,2
98,4
37,4
38,7
40,4
44,6
52,5
54,6
51,4
48,6
75,6
46,4
71,2
47,4
49,3
101,3
71,1
54,4
57,3
58,5
105,1
128,2
59,6
122,4
65,5
107,3
115,2
64,3
77,4
75,4
68,6
109,2
67,6
101,1
119,4
70,4
72,4
109,5
90,4
76,4
78,3
77,5
78,3
99,1
81,4
93,1
128,3
87,1
84,4
92,1
111,2
102,2
93,5
127,4
128,4
88,4
95,4
92,4
95,2
117,1
97,4
98,6
102,4
109,4
107,4
103,4
106,3
109,4
105,3
107,4
114,1
122,3
115,1
128,1
113,8
117,4
121,4
123,5
125,3
127,7
128,2
126,6
128,6
79,2
36,1
129,2
129,4
126,3
23,7
32,4
74,6
16,6
19,6
15,4
14,4
16,6
12,6
17,4
22,4
87,4
129,1
129,2
29,3
129,3
129,2
129,2
35,1
127,1
112,1
19,4
129,1
27,2
24,6
54,4
31,4
29,4
30,4
129,1
27,4
33,4
29,8
87,6
99,6
123,2
98,4
37,4
38,7
40,4
44,6
52,5
54,6
51,4
48,6
75,6
46,4
71,2
47,4
49,3
101,3
71,1
54,4
57,3
58,5
105,1
128,2
59,6
122,4
65,5
107,3
115,2
64,3
77,4
75,4
68,6
109,2
67,6
101,1
119,4
70,4
72,4
109,5
90,4
76,4
78,3
77,5
78,3
99,1
81,4
93,1
129,3
87,1
84,4
92,1
111,2
102,2
93,5
127,4
129,4
88,4
95,4
92,4
95,2
117,1
97,4
98,6
102,4
109,4
107,4
103,4
106,3
109,4
105,3
107,4
114,1
122,3
115,1
129,1
113,8
117,4
121,4
123,5
125,3
127,7
129,2
126,6
129,6
79,2
36,1
130,2
130,4
126,3
23,7
32,4
74,6
16,6
19,6
15,4
14,4
16,6
12,6
17,4
22,4
87,4
130,1
130,2
29,3
130,3
130,2
130,2
35,1
127,1
112,1
19,4
130,1
27,2
24,6
54,4
31,4
29,4
30,4
130,1
27,4
33,4
29,8
87,6
99,6
123,2
98,4
37,4
38,7
40,4
44,6
52,5
54,6
51,4
48,6
75,6
46,4
71,2
47,4
49,3
101,3
71,1
54,4
57,3
58,5
105,1
128,2
59,6
122,4
65,5
107,3
115,2
64,3
77,4
75,4
68,6
109,2
67,6
101,1
119,4
70,4
72,4
109,5
90,4
76,4
78,3
77,5
78,3
99,1
81,4
93,1
130,3
87,1
84,4
92,1
111,2
102,2
93,5
127,4
130,4
88,4
95,4
92,4
95,2
117,1
97,4
98,6
102,4
109,4
107,4
103,4
106,3
109,4
105,3
107,4
114,1
122,3
115,1
130,1
113,8
117,4
121,4
123,5
125,3
127,7
130,2
126,6
129,6
79,2
36,1
131,2
131,4
126,3
23,7
32,4
74,6
16,6
19,6
